出租车,None,中国大陆,喜剧,https://movie.douban.com/subject/26994877/,https://img3.doubanio.com/f/movie/30c6263b6db26d055cbbe73fe653e29014142ea3/pics/movie/movie_default_large.png
大话西游之大圣娶亲,9.2,中国大陆,喜剧,https://movie.douban.com/subject/1292213/,https://img3.doubanio.com/view/photo/s_ratio_poster/public/p2455050536.jpg
狐妖小红娘剧场版：王权富贵,9.2,中国大陆,喜剧,https://movie.douban.com/subject/26946612/,https://img3.doubanio.com/view/photo/s_ratio_poster/public/p2409467410.jpg
小捣蛋,9.8,美国,喜剧,https://movie.douban.com/subject/4714058/,https://img3.doubanio.com/view/photo/s_ratio_poster/public/p2217061102.jpg
Wattstax,9.6,美国,喜剧,https://movie.douban.com/subject/1975692/,https://img1.doubanio.com/view/photo/s_ratio_poster/public/p2374623518.jpg
绿日乐队：圣经上的子弹演唱会,9.5,美国,喜剧,https://movie.douban.com/subject/2052209/,https://img3.doubanio.com/view/photo/s_ratio_poster/public/p2510821205.jpg
杰夫·敦哈姆：星星之火让人抓狂,9.5,美国,喜剧,https://movie.douban.com/subject/2363526/,https://img3.doubanio.com/view/photo/s_ratio_poster/public/p2515501982.jpg
演员工作室：老爸老妈的浪漫史,9.5,美国,喜剧,https://movie.douban.com/subject/25855990/,https://img3.doubanio.com/view/photo/s_ratio_poster/public/p2176444996.jpg
哈利同人音乐剧第一部,9.5,美国,喜剧,https://movie.douban.com/subject/20388406/,https://img3.doubanio.com/view/photo/s_ratio_poster/public/p2191854174.jpg
福尔摩斯二世,9.4,美国,喜剧,https://movie.douban.com/subject/1303408/,https://img1.doubanio.com/view/photo/s_ratio_poster/public/p2206737207.jpg
吉米·鸡毛逊毙了！马达翻身当主持,9.4,美国,喜剧,https://movie.douban.com/subject/26721341/,https://img3.doubanio.com/view/photo/s_ratio_poster/public/p2315824435.jpg
博弈论,9.4,美国,喜剧,https://movie.douban.com/subject/3272459/,https://img3.doubanio.com/view/photo/s_ratio_poster/public/p2254959230.jpg
南方公园之梦想国度,9.4,美国,喜剧,https://movie.douban.com/subject/5179539/,https://img3.doubanio.com/view/subject/l/public/s5293436.jpg
拜访森林,9.4,美国,喜剧,https://movie.douban.com/subject/25741291/,https://img3.doubanio.com/view/photo/s_ratio_poster/public/p2155898916.jpg
甜美的老鼠生活,9.3,美国,喜剧,https://movie.douban.com/subject/1937461/,https://img3.doubanio.com/view/photo/s_ratio_poster/public/p1068583516.jpg
浪漫小夜曲,9.3,美国,喜剧,https://movie.douban.com/subject/1937462/,https://img1.doubanio.com/view/photo/s_ratio_poster/public/p2458595709.jpg
老鼠在曼哈顿,9.3,美国,喜剧,https://movie.douban.com/subject/2155209/,https://img1.doubanio.com/view/photo/s_ratio_poster/public/p2458339319.jpg
乔治 卡林：王者归来,9.3,美国,喜剧,https://movie.douban.com/subject/3054636/,https://img3.doubanio.com/view/photo/s_ratio_poster/public/p2508661214.jpg
周六夜现场：贾斯汀·丁伯莱克,9.3,美国,喜剧,https://movie.douban.com/subject/6713364/,https://img3.doubanio.com/view/photo/s_ratio_poster/public/p1835772460.jpg
平方根：海绵宝宝的故事,9.3,美国,喜剧,https://movie.douban.com/subject/4001873/,https://img3.doubanio.com/view/subject/l/public/s3956255.jpg
The Work of Director Michel Gondry,9.3,美国,喜剧,https://movie.douban.com/subject/1400646/,https://img3.doubanio.com/view/photo/s_ratio_poster/public/p2515063983.jpg
聪明狗走天涯,9.3,美国,喜剧,https://movie.douban.com/subject/1297777/,https://img1.doubanio.com/view/subject/l/public/s1788447.jpg
Russell Peters: Two Concerts, One Ticket,9.3,美国,喜剧,https://movie.douban.com/subject/6087827/,https://img1.doubanio.com/view/subject/l/public/s4699657.jpg
查理布朗男孩,9.3,美国,喜剧,https://movie.douban.com/subject/1295406/,https://img1.doubanio.com/view/photo/s_ratio_poster/public/p577559527.jpg
摩登时代,9.2,美国,喜剧,https://movie.douban.com/subject/1294371/,https://img3.doubanio.com/view/photo/s_ratio_poster/public/p2173707976.jpg
城市之光,9.2,美国,喜剧,https://movie.douban.com/subject/1293908/,https://img3.doubanio.com/view/photo/s_ratio_poster/public/p2099815842.jpg
你逃我也逃,9.2,美国,喜剧,https://movie.douban.com/subject/1303418/,https://img3.doubanio.com/view/photo/s_ratio_poster/public/p1339915772.jpg
室内溜冰场,9.2,美国,喜剧,https://movie.douban.com/subject/5262256/,https://img3.doubanio.com/view/subject/l/public/s8912836.jpg
欢乐树的朋友们：第二发球,9.2,美国,喜剧,https://movie.douban.com/subject/1393471/,https://img3.doubanio.com/view/photo/s_ratio_poster/public/p2162261726.jpg
欢乐树的朋友们：赶尽杀绝,9.2,美国,喜剧,https://movie.douban.com/subject/3075070/,https://img3.doubanio.com/view/subject/l/public/s1806732.jpg
欢乐树的朋友们：第三击,9.2,美国,喜剧,https://movie.douban.com/subject/1393472/,https://img3.doubanio.com/view/subject/l/public/s1806711.jpg
猫之布鲁斯,9.2,美国,喜剧,https://movie.douban.com/subject/2191393/,https://img3.doubanio.com/view/subject/l/public/s8938696.jpg
欢乐树的朋友们：寒假,9.2,美国,喜剧,https://movie.douban.com/subject/1872077/,https://img3.doubanio.com/view/subject/l/public/s1806745.jpg
乔治·卡林：你们都有病,9.2,美国,喜剧,https://movie.douban.com/subject/4199429/,https://img3.doubanio.com/view/photo/s_ratio_poster/public/p2508661126.jpg
Judah Friedlander: America is the Greatest Country in the United States,9.2,美国,喜剧,https://movie.douban.com/subject/27149822/,https://img1.doubanio.com/view/photo/s_ratio_poster/public/p2504460157.jpg
拉塞尔·皮特斯：红白褐,9.2,美国,喜剧,https://movie.douban.com/subject/3578890/,https://img3.doubanio.com/view/photo/s_ratio_poster/public/p2320299004.jpg
周六夜现场：贾斯汀·汀布莱克/Ciara,9.2,美国,喜剧,https://movie.douban.com/subject/6727006/,https://img3.doubanio.com/view/photo/s_ratio_poster/public/p1866167902.jpg
乔治·卡林：挤在纽约,9.2,美国,喜剧,https://movie.douban.com/subject/3706177/,https://img3.doubanio.com/view/photo/s_ratio_poster/public/p2508661554.jpg
圣诞前夜,9.2,美国,喜剧,https://movie.douban.com/subject/3120785/,https://img3.doubanio.com/view/photo/s_ratio_poster/public/p2456684073.jpg
汤姆的能量,9.2,美国,喜剧,https://movie.douban.com/subject/1937464/,https://img1.doubanio.com/view/subject/l/public/s8354299.jpg
人人都爱雷蒙德: 最后的笑声,9.2,美国,喜剧,https://movie.douban.com/subject/3290527/,https://img3.doubanio.com/view/subject/l/public/s3353335.jpg
周六夜现场,9.2,美国,喜剧,https://movie.douban.com/subject/2346297/,https://img3.doubanio.com/view/photo/s_ratio_poster/public/p836398212.jpg
乔治·卡林：人生因失而值,9.2,美国,喜剧,https://movie.douban.com/subject/3095617/,https://img3.doubanio.com/view/photo/s_ratio_poster/public/p2165125235.jpg
猫儿上天堂,9.2,美国,喜剧,https://movie.douban.com/subject/5262224/,https://img1.doubanio.com/view/photo/s_ratio_poster/public/p2512089498.jpg
好莱坞碗演奏会,9.2,美国,喜剧,https://movie.douban.com/subject/2144680/,https://img3.doubanio.com/view/photo/s_ratio_poster/public/p2437612871.jpg
冷气礼堂的喧哗: 比尔·奥雷利 vs. 囧司徒,9.2,美国,喜剧,https://movie.douban.com/subject/19961485/,https://img1.doubanio.com/view/photo/s_ratio_poster/public/p1717230188.jpg
辛普森一家：颁奖季,9.2,美国,喜剧,https://movie.douban.com/subject/6008882/,https://img1.doubanio.com/view/photo/s_ratio_poster/public/p2497035958.jpg
疯狂动物城,9.1,美国,喜剧,https://movie.douban.com/subject/25662329/,https://img1.doubanio.com/view/photo/s_ratio_poster/public/p2315672647.jpg
暴力云与送子鹳,9.1,美国,喜剧,https://movie.douban.com/subject/3734350/,https://img3.doubanio.com/view/photo/s_ratio_poster/public/p449756673.jpg
寻子遇仙记,9.1,美国,喜剧,https://movie.douban.com/subject/1293270/,https://img1.doubanio.com/view/photo/s_ratio_poster/public/p2332976198.jpg
马戏团,9.1,美国,喜剧,https://movie.douban.com/subject/1299628/,https://img3.doubanio.com/view/photo/s_ratio_poster/public/p2248445275.jpg
欢乐树的朋友们,9.1,美国,喜剧,https://movie.douban.com/subject/4181031/,https://img3.doubanio.com/view/photo/s_ratio_poster/public/p1269191733.jpg
飞行猫,9.2,美国,喜剧,https://movie.douban.com/subject/2137156/,https://img1.doubanio.com/view/photo/s_ratio_poster/public/p2458595828.jpg
欢乐树的朋友们：滑雪巡逻救生队,9.1,美国,喜剧,https://movie.douban.com/subject/3075092/,https://img3.doubanio.com/view/subject/l/public/s3622650.jpg
周六夜现场：贾斯汀·汀布莱克,9.1,美国,喜剧,https://movie.douban.com/subject/21361552/,https://img3.doubanio.com/view/photo/s_ratio_poster/public/p1894383482.jpg
猫的协奏曲,9.1,美国,喜剧,https://movie.douban.com/subject/1295833/,https://img3.doubanio.com/view/photo/s_ratio_poster/public/p2458595750.jpg
父子野餐,9.1,美国,喜剧,https://movie.douban.com/subject/1826855/,https://img3.doubanio.com/view/subject/l/public/s8354516.jpg
网球白痴,9.1,美国,喜剧,https://movie.douban.com/subject/2137548/,https://img3.doubanio.com/view/photo/s_ratio_poster/public/p2494212990.jpg
捕鼠陷阱,9.1,美国,喜剧,https://movie.douban.com/subject/2137177/,https://img3.doubanio.com/view/photo/s_ratio_poster/public/p2458596041.jpg
老鼠罐头工厂,9.1,美国,喜剧,https://movie.douban.com/subject/1826853/,https://img3.doubanio.com/view/subject/l/public/s8354291.jpg
双人高尔夫,9.1,美国,喜剧,https://movie.douban.com/subject/1937451/,https://img3.doubanio.com/view/photo/s_ratio_poster/public/p2458339224.jpg
猫钓鱼,9.1,美国,喜剧,https://movie.douban.com/subject/1937466/,https://img1.doubanio.com/view/photo/s_ratio_poster/public/p2458595717.jpg
辛普森一家之万圣节专辑之恐怖树屋,9.1,美国,喜剧,https://movie.douban.com/subject/2296049/,https://img3.doubanio.com/view/subject/l/public/s2753652.jpg
人鼠之间,9.1,美国,喜剧,https://movie.douban.com/subject/26431592/,https://img3.doubanio.com/view/photo/s_ratio_poster/public/p2252276881.jpg
强力乳液,9.1,美国,喜剧,https://movie.douban.com/subject/3110686/,https://img3.doubanio.com/view/photo/s_ratio_poster/public/p2456686900.jpg
周六夜现场：金·凯瑞/Soundgarden,9.1,美国,喜剧,https://movie.douban.com/subject/5973957/,https://img1.doubanio.com/view/photo/s_ratio_poster/public/p1764557799.jpg
休战的伤害,9.1,美国,喜剧,https://movie.douban.com/subject/5290009/,https://img1.doubanio.com/view/photo/s_ratio_poster/public/p2464858879.jpg
周六夜现场：贝蒂·怀特/Jay-Z,9.1,美国,喜剧,https://movie.douban.com/subject/4706591/,https://img3.doubanio.com/view/photo/s_ratio_poster/public/p2362999490.jpg
保镖,9.1,美国,喜剧,https://movie.douban.com/subject/5262213/,https://img3.doubanio.com/view/photo/s_ratio_poster/public/p2456687514.jpg
爆竹风波,9.1,美国,喜剧,https://movie.douban.com/subject/2137554/,https://img1.doubanio.com/view/photo/s_ratio_poster/public/p2494213107.jpg
杰夫·唐纳姆：跟自己吵架,9.1,美国,喜剧,https://movie.douban.com/subject/2363540/,https://img3.doubanio.com/view/photo/s_ratio_poster/public/p2515501144.jpg
Matthew Gray Gubler: The Unauthorized Documentary,9.1,美国,喜剧,https://movie.douban.com/subject/3830052/,https://img3.doubanio.com/view/photo/s_ratio_poster/public/p2194290495.jpg
如此美好的一天(短片),9.1,美国,喜剧,https://movie.douban.com/subject/10598713/,https://img3.doubanio.com/view/photo/s_ratio_poster/public/p2395484381.jpg
寻梦环游记,9.0,美国,喜剧,https://movie.douban.com/subject/20495023/,https://img1.doubanio.com/view/photo/s_ratio_poster/public/p2503997609.jpg
雨中曲,9.0,美国,喜剧,https://movie.douban.com/subject/1293460/,https://img3.doubanio.com/view/photo/s_ratio_poster/public/p1612355875.jpg
淘金记,9.0,美国,喜剧,https://movie.douban.com/subject/1298817/,https://img3.doubanio.com/view/photo/s_ratio_poster/public/p1581774481.jpg
电焊工波力,9.0,美国,喜剧,https://movie.douban.com/subject/3338821/,https://img3.doubanio.com/view/photo/s_ratio_poster/public/p1202712652.jpg
将军号,9.0,美国,喜剧,https://movie.douban.com/subject/1292778/,https://img3.doubanio.com/view/photo/s_ratio_poster/public/p2248676081.jpg
宠物,9.0,美国,喜剧,https://movie.douban.com/subject/25750820/,https://img3.doubanio.com/view/photo/s_ratio_poster/public/p2195528326.jpg
欢乐树的朋友们：第一滴血,9.0,美国,喜剧,https://movie.douban.com/subject/1393470/,https://img1.doubanio.com/view/subject/l/public/s1806727.jpg
稻草人,9.1,美国,喜剧,https://movie.douban.com/subject/1867778/,https://img1.doubanio.com/view/photo/s_ratio_poster/public/p2503556327.jpg
小孤儿,9.0,美国,喜剧,https://movie.douban.com/subject/1296573/,https://img3.doubanio.com/view/photo/s_ratio_poster/public/p2512086933.jpg
辛普森一家：家庭治疗,9.0,美国,喜剧,https://movie.douban.com/subject/1850674/,https://img3.doubanio.com/view/subject/l/public/s1742552.jpg
老鼠打扫记,9.0,美国,喜剧,https://movie.douban.com/subject/2155204/,https://img3.doubanio.com/view/subject/l/public/s8514360.jpg
隐形墨水,9.0,美国,喜剧,https://movie.douban.com/subject/5262222/,https://img3.doubanio.com/view/subject/l/public/s4467736.jpg
麻烦的诞生,9.0,美国,喜剧,https://movie.douban.com/subject/3113128/,https://img1.doubanio.com/view/photo/s_ratio_poster/public/p2512088668.jpg
宠物之争,9.0,美国,喜剧,https://movie.douban.com/subject/5262258/,https://img3.doubanio.com/view/subject/l/public/s8459243.jpg
欢乐树的朋友们：鼹鼠进城,9.0,美国,喜剧,https://movie.douban.com/subject/1872083/,https://img1.doubanio.com/view/subject/l/public/s1806738.jpg
周六夜现场：本·阿弗莱克/坎耶·威斯特,9.0,美国,喜剧,https://movie.douban.com/subject/24521861/,https://img1.doubanio.com/view/photo/s_ratio_poster/public/p2456874717.jpg
杰瑞的表兄,9.0,美国,喜剧,https://movie.douban.com/subject/3113288/,https://img1.doubanio.com/view/subject/l/public/s8354088.jpg
杰瑞和狮子,9.0,美国,喜剧,https://movie.douban.com/subject/2137538/,https://img3.doubanio.com/view/photo/s_ratio_poster/public/p2458595794.jpg
寂寞的老鼠,9.0,美国,喜剧,https://movie.douban.com/subject/2137169/,https://img3.doubanio.com/view/photo/s_ratio_poster/public/p2456686820.jpg
杰瑞与小象,9.0,美国,喜剧,https://movie.douban.com/subject/5262244/,https://img3.doubanio.com/view/subject/l/public/s4467781.jpg
蝙蝠侠同人音乐剧,9.0,美国,喜剧,https://movie.douban.com/subject/10604551/,https://img3.doubanio.com/view/photo/s_ratio_poster/public/p1520323343.jpg
皇帝的睡眠,9.0,美国,喜剧,https://movie.douban.com/subject/2138399/,https://img3.doubanio.com/view/subject/l/public/s4466643.jpg
有恩必报,9.0,美国,喜剧,https://movie.douban.com/subject/5262239/,https://img1.doubanio.com/view/photo/s_ratio_poster/public/p2494213667.jpg
小雪人喜欢我,9.0,美国,喜剧,https://movie.douban.com/subject/5262207/,https://img3.doubanio.com/view/subject/l/public/s4467821.jpg
一路順風，查理布朗,9.0,美国,喜剧,https://movie.douban.com/subject/1296181/,https://img1.doubanio.com/view/photo/s_ratio_poster/public/p2206513238.jpg
小顽童,小捣蛋,9.0,美国,喜剧,https://movie.douban.com/subject/1302676/,https://img3.doubanio.com/view/subject/l/public/s3239194.jpg
机器鸡DC漫画特辑3：魔幻基友,9.0,美国,喜剧,https://movie.douban.com/subject/26644606/,https://img3.doubanio.com/view/photo/s_ratio_poster/public/p2312933024.jpg
两个小印第安,9.0,美国,喜剧,https://movie.douban.com/subject/5262247/,https://img3.doubanio.com/view/subject/l/public/s4467782.jpg
杰夫·敦哈姆:混乱特工,9.0,美国,喜剧,https://movie.douban.com/subject/6866452/,https://img3.doubanio.com/view/photo/s_ratio_poster/public/p2515501645.jpg
加菲猫来了,9.0,美国,喜剧,https://movie.douban.com/subject/5966903/,https://img3.doubanio.com/view/subject/l/public/s4627554.jpg
黄子华栋笃笑之金盘𠺘口,9.7,香港,喜剧,https://movie.douban.com/subject/30203557/,https://img1.doubanio.com/view/photo/s_ratio_poster/public/p2527089368.jpg
跟住去边度,9.3,香港,喜剧,https://movie.douban.com/subject/26767519/,https://img3.doubanio.com/view/photo/s_ratio_poster/public/p2329970542.jpg
大话西游之大圣娶亲,9.2,香港,喜剧,https://movie.douban.com/subject/1292213/,https://img3.doubanio.com/view/photo/s_ratio_poster/public/p2455050536.jpg
我和我的女孩,9.6,日本,喜剧,https://movie.douban.com/subject/11577118/,https://img3.doubanio.com/view/photo/s_ratio_poster/public/p2510934952.jpg
银魂：白夜叉降诞预告,9.5,日本,喜剧,https://movie.douban.com/subject/4236817/,https://img1.doubanio.com/view/photo/s_ratio_poster/public/p2214620528.jpg
校园疯神榜！2015,9.5,日本,喜剧,https://movie.douban.com/subject/26657143/,https://img3.doubanio.com/view/photo/s_ratio_poster/public/p2280411490.jpg
虎与龙SP,9.2,日本,喜剧,https://movie.douban.com/subject/3118848/,https://img3.doubanio.com/view/photo/s_ratio_poster/public/p809505182.jpg
蜡笔小新之呼风唤雨！大人帝国的反击,9.1,日本,喜剧,https://movie.douban.com/subject/1958667/,https://img3.doubanio.com/view/photo/s_ratio_poster/public/p2327107485.jpg
最完美的离婚 2014特别篇,9.1,日本,喜剧,https://movie.douban.com/subject/25790749/,https://img1.doubanio.com/view/photo/s_ratio_poster/public/p2186872257.jpg
银魂剧场版：新译红樱篇,9.1,日本,喜剧,https://movie.douban.com/subject/4122194/,https://img3.doubanio.com/view/photo/s_ratio_poster/public/p612363092.jpg
倒数第二次恋爱 2012秋SP,9.1,日本,喜剧,https://movie.douban.com/subject/19955789/,https://img3.doubanio.com/view/photo/s_ratio_poster/public/p1998695160.jpg
日本之形,9.1,日本,喜剧,https://movie.douban.com/subject/2085511/,https://img3.doubanio.com/view/photo/s_ratio_poster/public/p2253859656.jpg
凉宫春日的消失,9.0,日本,喜剧,https://movie.douban.com/subject/4074292/,https://img3.doubanio.com/view/photo/s_ratio_poster/public/p2246432125.jpg
召唤恶魔阿萨谢尔OAD：路西法篇,9.0,日本,喜剧,https://movie.douban.com/subject/10767534/,https://img3.doubanio.com/view/photo/s_ratio_poster/public/p2509350226.jpg
木更津猫眼 世界系列,9.0,日本,喜剧,https://movie.douban.com/subject/1793394/,https://img3.doubanio.com/view/photo/s_ratio_poster/public/p764157116.jpg
寅次郎的故事15：鸳鸯伞,9.0,日本,喜剧,https://movie.douban.com/subject/1416702/,https://img3.doubanio.com/view/photo/s_ratio_poster/public/p2333007611.jpg
阿滋漫画大王 短篇电影,9.0,日本,喜剧,https://movie.douban.com/subject/2239631/,https://img1.doubanio.com/view/photo/s_ratio_poster/public/p2508807008.jpg
宇宙快递,9.0,韩国,喜剧,https://movie.douban.com/subject/25884822/,https://img3.doubanio.com/view/photo/s_ratio_poster/public/p2229847445.jpg
是，大臣 1984圣诞特辑,9.8,英国,喜剧,https://movie.douban.com/subject/26725031/,https://img3.doubanio.com/view/photo/s_ratio_poster/public/p2397258764.jpg
Journey of the Childmen: The Mighty Boosh on Tour,9.7,英国,喜剧,https://movie.douban.com/subject/3088560/,https://img3.doubanio.com/view/photo/s_ratio_poster/public/p1774351785.jpg
憨豆先生精选辑,9.6,英国,喜剧,https://movie.douban.com/subject/5133063/,https://img3.doubanio.com/view/photo/s_ratio_poster/public/p2354179225.jpg
第十二夜,9.6,英国,喜剧,https://movie.douban.com/subject/26715548/,https://img1.doubanio.com/view/photo/s_ratio_poster/public/p2313529747.jpg
最高档 极地特辑,9.6,英国,喜剧,https://movie.douban.com/subject/10573342/,https://img3.doubanio.com/view/photo/s_ratio_poster/public/p1509902065.jpg
绅士联盟舞台剧,9.6,英国,喜剧,https://movie.douban.com/subject/20491284/,https://img3.doubanio.com/view/photo/s_ratio_poster/public/p2235065102.jpg
浅希近求：迪兰·莫兰精选,9.6,英国,喜剧,https://movie.douban.com/subject/5913043/,https://img1.doubanio.com/view/subject/l/public/s4596109.jpg
班班和莉莉的小王国,9.5,英国,喜剧,https://movie.douban.com/subject/5169462/,https://img3.doubanio.com/view/photo/s_ratio_poster/public/p2170078305.jpg
绿日乐队：圣经上的子弹演唱会,9.5,英国,喜剧,https://movie.douban.com/subject/2052209/,https://img3.doubanio.com/view/photo/s_ratio_poster/public/p2510821205.jpg
西蒙·阿姆斯特尔：顺其自然,9.4,英国,喜剧,https://movie.douban.com/subject/6309377/,https://img3.doubanio.com/view/photo/s_ratio_poster/public/p2184490255.jpg
跳出我天地音乐剧,9.4,英国,喜剧,https://movie.douban.com/subject/26264388/,https://img3.doubanio.com/view/photo/s_ratio_poster/public/p2215874393.jpg
五位(还嫌少)博士重启,9.4,英国,喜剧,https://movie.douban.com/subject/25777719/,https://img1.doubanio.com/view/photo/s_ratio_poster/public/p2160377148.jpg
文艺趣向,9.4,英国,喜剧,https://movie.douban.com/subject/26637592/,https://img3.doubanio.com/view/photo/s_ratio_poster/public/p2325812941.jpg
一点双人秀(试播集),9.4,英国,喜剧,https://movie.douban.com/subject/24153305/,https://img3.doubanio.com/view/photo/s_ratio_poster/public/p2179016244.jpg
Jam,9.4,英国,喜剧,https://movie.douban.com/subject/2077558/,https://img3.doubanio.com/view/subject/l/public/s2401735.jpg
极品基老伴：完结篇,9.3,英国,喜剧,https://movie.douban.com/subject/26700818/,https://img3.doubanio.com/view/photo/s_ratio_poster/public/p2509440210.jpg
迪兰·莫兰：脱身,9.3,英国,喜剧,https://movie.douban.com/subject/26691373/,https://img1.doubanio.com/view/photo/s_ratio_poster/public/p2298274199.jpg
无事生非 (2011年伦敦Wyndham剧院版),9.3,英国,喜剧,https://movie.douban.com/subject/26763132/,https://img1.doubanio.com/view/photo/s_ratio_poster/public/p2328040727.jpg
幕后危机(特别版),9.3,英国,喜剧,https://movie.douban.com/subject/10573682/,https://img1.doubanio.com/view/photo/s_ratio_poster/public/p2212335757.jpg
神奇动物管理员之红鼻子日秀,9.3,英国,喜剧,https://movie.douban.com/subject/1957936/,https://img3.doubanio.com/view/photo/s_ratio_poster/public/p2512983620.jpg
IT狂人特别篇,9.2,英国,喜剧,https://movie.douban.com/subject/20453087/,https://img3.doubanio.com/view/photo/s_ratio_poster/public/p2183667933.jpg
极品基老伴：2013圣诞特辑,9.2,英国,喜剧,https://movie.douban.com/subject/25758898/,https://img3.doubanio.com/view/photo/s_ratio_poster/public/p2187166976.jpg
绅士联盟 圣诞特辑,9.2,英国,喜剧,https://movie.douban.com/subject/20277075/,https://img3.doubanio.com/view/photo/s_ratio_poster/public/p2508625981.jpg
出租车司机冒险记,9.2,英国,喜剧,https://movie.douban.com/subject/4705150/,https://img3.doubanio.com/view/photo/s_ratio_poster/public/p2502580762.jpg
神秘博士：时间冲撞,9.2,英国,喜剧,https://movie.douban.com/subject/4188543/,https://img3.doubanio.com/view/photo/s_ratio_poster/public/p2523700570.jpg
迪兰·莫兰：是什么？,9.2,英国,喜剧,https://movie.douban.com/subject/4850732/,https://img3.doubanio.com/view/photo/s_ratio_poster/public/p2517976810.jpg
迪兰·莫兰：怪兽,9.2,英国,喜剧,https://movie.douban.com/subject/1957933/,https://img3.doubanio.com/view/photo/s_ratio_poster/public/p2517976601.jpg
卓别林秘史,9.2,英国,喜剧,https://movie.douban.com/subject/3008293/,https://img3.doubanio.com/view/photo/s_ratio_poster/public/p1144946713.jpg
莫扎特 歌剧《唐·乔万尼》（唐璜）,9.2,英国,喜剧,https://movie.douban.com/subject/1877242/,https://img3.doubanio.com/view/subject/l/public/s1812251.jpg
snorks,9.2,英国,喜剧,https://movie.douban.com/subject/1863428/,https://img3.doubanio.com/view/subject/l/public/s1796635.jpg
两杆大烟枪,9.1,英国,喜剧,https://movie.douban.com/subject/1293350/,https://img1.doubanio.com/view/photo/s_ratio_poster/public/p792443418.jpg
迪兰·莫兰：喜之所有,9.1,英国,喜剧,https://movie.douban.com/subject/3140108/,https://img3.doubanio.com/view/photo/s_ratio_poster/public/p1257546382.jpg
Ricky Gervais Live: Animals,9.0,英国,喜剧,https://movie.douban.com/subject/2162796/,https://img3.doubanio.com/view/subject/l/public/s2621513.jpg
临时演员圣诞特辑,9.1,英国,喜剧,https://movie.douban.com/subject/2377036/,https://img3.doubanio.com/view/subject/l/public/s3914200.jpg
布朗夫人的儿子们：2015圣诞特别篇,9.1,英国,喜剧,https://movie.douban.com/subject/26698398/,https://img3.doubanio.com/view/photo/s_ratio_poster/public/p2310452506.jpg
第十二夜,9.1,英国,喜剧,https://movie.douban.com/subject/26994997/,https://img3.doubanio.com/view/photo/s_ratio_poster/public/p2445773970.jpg
BBC喜剧音乐晚会,9.1,英国,喜剧,https://movie.douban.com/subject/10590735/,https://img3.doubanio.com/view/photo/s_ratio_poster/public/p2505928863.jpg
流浪者之歌,9.0,英国,喜剧,https://movie.douban.com/subject/1303525/,https://img3.doubanio.com/view/photo/s_ratio_poster/public/p2384320756.jpg
欢乐树的朋友们：第一滴血,9.0,英国,喜剧,https://movie.douban.com/subject/1393470/,https://img1.doubanio.com/view/subject/l/public/s1806727.jpg
小不列颠：现场版,9.0,英国,喜剧,https://movie.douban.com/subject/1957937/,https://img1.doubanio.com/view/subject/l/public/s2752947.jpg
阿曼动画之超级无敌掌门狗系列2,9.0,英国,喜剧,https://movie.douban.com/subject/1305745/,https://img3.doubanio.com/view/photo/s_ratio_poster/public/p2220140456.jpg
皆大欢喜,9.0,英国,喜剧,https://movie.douban.com/subject/25795905/,https://img3.doubanio.com/view/photo/s_ratio_poster/public/p2163632711.jpg
彩虹,9.0,英国,喜剧,https://movie.douban.com/subject/1971485/,https://img3.doubanio.com/view/photo/s_ratio_poster/public/p503390374.jpg
本尼·希尔搞笑表演集锦,9.0,英国,喜剧,https://movie.douban.com/subject/1494928/,https://img3.doubanio.com/view/photo/s_ratio_poster/public/p2327819375.jpg
Comic Relief 2009,9.0,英国,喜剧,https://movie.douban.com/subject/3726959/,https://img3.doubanio.com/view/photo/s_ratio_poster/public/p2247857861.jpg
触不可及,9.2,法国,喜剧,https://movie.douban.com/subject/6786002/,https://img3.doubanio.com/view/photo/s_ratio_poster/public/p1454261925.jpg
大胖考10周年,9.2,法国,喜剧,https://movie.douban.com/subject/26296014/,https://img3.doubanio.com/view/photo/s_ratio_poster/public/p2220561444.jpg
冠军理发师,9.2,法国,喜剧,https://movie.douban.com/subject/5115829/,https://img1.doubanio.com/view/photo/s_ratio_poster/public/p1001238848.jpg
地下,9.1,法国,喜剧,https://movie.douban.com/subject/1292206/,https://img3.doubanio.com/view/photo/s_ratio_poster/public/p1833776334.jpg
光荣的日子,9.1,法国,喜剧,https://movie.douban.com/subject/3724036/,https://img3.doubanio.com/view/photo/s_ratio_poster/public/p1112469352.jpg
宝琳和宝莱特,9.0,法国,喜剧,https://movie.douban.com/subject/1756409/,https://img3.doubanio.com/view/subject/l/public/s1627894.jpg
加油,法国队!,9.0,法国,喜剧,https://movie.douban.com/subject/3700124/,https://img3.doubanio.com/view/subject/l/public/s3754010.jpg
我是海尔姆特,9.4,德国,喜剧,https://movie.douban.com/subject/5360245/,https://img3.doubanio.com/view/subject/l/public/s4533690.jpg
地下,9.1,德国,喜剧,https://movie.douban.com/subject/1292206/,https://img3.doubanio.com/view/photo/s_ratio_poster/public/p1833776334.jpg
美丽人生,9.5,意大利,喜剧,https://movie.douban.com/subject/1292063/,https://img3.doubanio.com/view/photo/s_ratio_poster/public/p510861873.jpg
流浪者之歌,9.0,意大利,喜剧,https://movie.douban.com/subject/1303525/,https://img3.doubanio.com/view/photo/s_ratio_poster/public/p2384320756.jpg
三傻大闹宝莱坞,9.2,印度,喜剧,https://movie.douban.com/subject/3793023/,https://img3.doubanio.com/view/photo/s_ratio_poster/public/p579729551.jpg
娜斯佳和她的父亲们,9.1,俄罗斯,喜剧,https://movie.douban.com/subject/4040438/,https://img3.doubanio.com/view/photo/s_ratio_poster/public/p2190397911.jpg
彩虹,9.0,加拿大,喜剧,https://movie.douban.com/subject/1971485/,https://img3.doubanio.com/view/photo/s_ratio_poster/public/p503390374.jpg
汉纳·加斯比：娜奈特,9.4,澳大利亚,喜剧,https://movie.douban.com/subject/30253080/,https://img3.doubanio.com/view/photo/s_ratio_poster/public/p2525732775.jpg
土豆工厂,9.4,澳大利亚,喜剧,https://movie.douban.com/subject/1793083/,https://img3.doubanio.com/view/photo/s_ratio_poster/public/p2233036824.jpg
迪兰·莫兰：是什么？,9.2,澳大利亚,喜剧,https://movie.douban.com/subject/4850732/,https://img3.doubanio.com/view/photo/s_ratio_poster/public/p2517976810.jpg
Tim Minchin: So Live,9.0,澳大利亚,喜剧,https://movie.douban.com/subject/3893420/,https://img3.doubanio.com/view/photo/s_ratio_poster/public/p2509370314.jpg
克拉姆一家,9.0,丹麦,喜剧,https://movie.douban.com/subject/1769053/,https://img3.doubanio.com/view/photo/s_ratio_poster/public/p2511779823.jpg
克拉姆一家2,9.0,丹麦,喜剧,https://movie.douban.com/subject/1775004/,https://img3.doubanio.com/view/photo/s_ratio_poster/public/p2512170335.jpg
霸王别姬,9.5,中国大陆,爱情,https://movie.douban.com/subject/1291546/,https://img3.doubanio.com/view/photo/s_ratio_poster/public/p1910813120.jpg
大话西游之大圣娶亲,9.2,中国大陆,爱情,https://movie.douban.com/subject/1292213/,https://img3.doubanio.com/view/photo/s_ratio_poster/public/p2455050536.jpg
狐妖小红娘剧场版：月红篇,9.2,中国大陆,爱情,https://movie.douban.com/subject/26972694/,https://img3.doubanio.com/view/photo/s_ratio_poster/public/p2427045524.jpg
狐妖小红娘剧场版：王权富贵,9.2,中国大陆,爱情,https://movie.douban.com/subject/26946612/,https://img3.doubanio.com/view/photo/s_ratio_poster/public/p2409467410.jpg
哀乐中年,9.2,中国大陆,爱情,https://movie.douban.com/subject/4719384/,https://img3.doubanio.com/view/photo/s_ratio_poster/public/p2029574250.jpg
芙蓉镇,9.0,中国大陆,爱情,https://movie.douban.com/subject/1297880/,https://img3.doubanio.com/view/photo/s_ratio_poster/public/p2368389240.jpg
红楼梦,9.0,中国大陆,爱情,https://movie.douban.com/subject/1329969/,https://img3.doubanio.com/view/photo/s_ratio_poster/public/p2322451692.jpg
迈克尔·杰克逊：音乐历史专辑全集,9.6,美国,爱情,https://movie.douban.com/subject/2122919/,https://img3.doubanio.com/view/subject/l/public/s2541232.jpg
迈克尔·杰克逊：专辑历史记录第二辑,9.6,美国,爱情,https://movie.douban.com/subject/1857382/,https://img1.doubanio.com/view/subject/l/public/s4145497.jpg
阿甘正传,9.4,美国,爱情,https://movie.douban.com/subject/1292720/,https://img1.doubanio.com/view/photo/s_ratio_poster/public/p510876377.jpg
泰坦尼克号,9.3,美国,爱情,https://movie.douban.com/subject/1292722/,https://img3.doubanio.com/view/photo/s_ratio_poster/public/p457760035.jpg
机器人总动员,9.3,美国,爱情,https://movie.douban.com/subject/2131459/,https://img3.doubanio.com/view/photo/s_ratio_poster/public/p1461851991.jpg
摩登时代,9.2,美国,爱情,https://movie.douban.com/subject/1294371/,https://img3.doubanio.com/view/photo/s_ratio_poster/public/p2173707976.jpg
乱世佳人,9.2,美国,爱情,https://movie.douban.com/subject/1300267/,https://img3.doubanio.com/view/photo/s_ratio_poster/public/p1963126880.jpg
城市之光,9.2,美国,爱情,https://movie.douban.com/subject/1293908/,https://img3.doubanio.com/view/photo/s_ratio_poster/public/p2099815842.jpg
生活多美好,9.2,美国,爱情,https://movie.douban.com/subject/1293749/,https://img1.doubanio.com/view/photo/s_ratio_poster/public/p771490367.jpg
博士的女伴,9.2,美国,爱情,https://movie.douban.com/subject/11625156/,https://img3.doubanio.com/view/photo/s_ratio_poster/public/p1876814414.jpg
马戏团,9.1,美国,爱情,https://movie.douban.com/subject/1299628/,https://img3.doubanio.com/view/photo/s_ratio_poster/public/p2248445275.jpg
艾蒂与茜雅：漫长婚约,9.1,美国,爱情,https://movie.douban.com/subject/4152738/,https://img3.doubanio.com/view/photo/s_ratio_poster/public/p1509382174.jpg
雨中曲,9.0,美国,爱情,https://movie.douban.com/subject/1293460/,https://img3.doubanio.com/view/photo/s_ratio_poster/public/p1612355875.jpg
淘金记,9.0,美国,爱情,https://movie.douban.com/subject/1298817/,https://img3.doubanio.com/view/photo/s_ratio_poster/public/p1581774481.jpg
稻草人,9.1,美国,爱情,https://movie.douban.com/subject/1867778/,https://img1.doubanio.com/view/photo/s_ratio_poster/public/p2503556327.jpg
瓦特利亚传奇,9.0,美国,爱情,https://movie.douban.com/subject/10604868/,https://img3.doubanio.com/view/subject/l/public/s9062691.jpg
霸王别姬,9.5,香港,爱情,https://movie.douban.com/subject/1291546/,https://img3.doubanio.com/view/photo/s_ratio_poster/public/p1910813120.jpg
紫钗记,9.3,香港,爱情,https://movie.douban.com/subject/1401219/,https://img1.doubanio.com/view/photo/s_ratio_poster/public/p2274298717.jpg
蝶影红梨记,9.3,香港,爱情,https://movie.douban.com/subject/4047730/,https://img3.doubanio.com/view/photo/s_ratio_poster/public/p2517260323.jpg
大话西游之大圣娶亲,9.2,香港,爱情,https://movie.douban.com/subject/1292213/,https://img3.doubanio.com/view/photo/s_ratio_poster/public/p2455050536.jpg
南海十三郎,9.1,香港,爱情,https://movie.douban.com/subject/1303913/,https://img1.doubanio.com/view/photo/s_ratio_poster/public/p2328424489.jpg
KinKi Kids 你不在身边的夏天 songs,9.7,日本,爱情,https://movie.douban.com/subject/27605662/,https://img3.doubanio.com/view/photo/s_ratio_poster/public/p2507748550.jpg
我和我的女孩,9.6,日本,爱情,https://movie.douban.com/subject/11577118/,https://img3.doubanio.com/view/photo/s_ratio_poster/public/p2510934952.jpg
KinKi Kids ～硝子の少年達の「今」～,9.6,日本,爱情,https://movie.douban.com/subject/26920950/,https://img1.doubanio.com/view/photo/s_ratio_poster/public/p2399937958.jpg
飄,9.4,日本,爱情,https://movie.douban.com/subject/26555978/,https://img3.doubanio.com/view/photo/s_ratio_poster/public/p2256610543.jpg
最完美的离婚 2014特别篇,9.1,日本,爱情,https://movie.douban.com/subject/25790749/,https://img1.doubanio.com/view/photo/s_ratio_poster/public/p2186872257.jpg
元气少女缘结神OVA：神明 幸福美满,9.1,日本,爱情,https://movie.douban.com/subject/26899000/,https://img3.doubanio.com/view/photo/s_ratio_poster/public/p2391890320.jpg
倒数第二次恋爱 2012秋SP,9.1,日本,爱情,https://movie.douban.com/subject/19955789/,https://img3.doubanio.com/view/photo/s_ratio_poster/public/p1998695160.jpg
情迷意乱,9.1,日本,爱情,https://movie.douban.com/subject/1422091/,https://img3.doubanio.com/view/photo/s_ratio_poster/public/p1449763371.jpg
高智能方程式赛车 TV总集篇,9.0,日本,爱情,https://movie.douban.com/subject/4906417/,https://img3.doubanio.com/view/subject/l/public/s4412555.jpg
奥丁领域,9.0,日本,爱情,https://movie.douban.com/subject/5450837/,https://img3.doubanio.com/view/photo/s_ratio_poster/public/p784512610.jpg
我爱你,9.0,韩国,爱情,https://movie.douban.com/subject/5908478/,https://img1.doubanio.com/view/photo/s_ratio_poster/public/p1075591188.jpg
亲爱的，不要跨过那条江,9.0,韩国,爱情,https://movie.douban.com/subject/25978207/,https://img3.doubanio.com/view/photo/s_ratio_poster/public/p2209948211.jpg
无事生非 (2011年伦敦Wyndham剧院版),9.3,英国,爱情,https://movie.douban.com/subject/26763132/,https://img1.doubanio.com/view/photo/s_ratio_poster/public/p2328040727.jpg
博士的女伴,9.2,英国,爱情,https://movie.douban.com/subject/11625156/,https://img3.doubanio.com/view/photo/s_ratio_poster/public/p1876814414.jpg
snorks,9.2,英国,爱情,https://movie.douban.com/subject/1863428/,https://img3.doubanio.com/view/subject/l/public/s1796635.jpg
第十二夜,9.1,英国,爱情,https://movie.douban.com/subject/26994997/,https://img3.doubanio.com/view/photo/s_ratio_poster/public/p2445773970.jpg
爱的奇迹,9.0,英国,爱情,https://movie.douban.com/subject/2119286/,https://img3.doubanio.com/view/photo/s_ratio_poster/public/p533191776.jpg
巴黎圣母院,9.3,法国,爱情,https://movie.douban.com/subject/20326557/,https://img3.doubanio.com/view/photo/s_ratio_poster/public/p2329626263.jpg
罗密欧与朱丽叶,9.3,法国,爱情,https://movie.douban.com/subject/25928148/,https://img3.doubanio.com/view/photo/s_ratio_poster/public/p2224933614.jpg
天堂电影院,9.1,法国,爱情,https://movie.douban.com/subject/1291828/,https://img3.doubanio.com/view/photo/s_ratio_poster/public/p1910901025.jpg
沉静如海,9.0,法国,爱情,https://movie.douban.com/subject/1769507/,https://img3.doubanio.com/view/photo/s_ratio_poster/public/p2365157916.jpg
卡比利亚之夜,9.0,法国,爱情,https://movie.douban.com/subject/1294781/,https://img3.doubanio.com/view/photo/s_ratio_poster/public/p922159253.jpg
爱的奇迹,9.0,德国,爱情,https://movie.douban.com/subject/2119286/,https://img3.doubanio.com/view/photo/s_ratio_poster/public/p533191776.jpg
美丽人生,9.5,意大利,爱情,https://movie.douban.com/subject/1292063/,https://img3.doubanio.com/view/photo/s_ratio_poster/public/p510861873.jpg
灿烂人生,9.3,意大利,爱情,https://movie.douban.com/subject/1291831/,https://img3.doubanio.com/view/photo/s_ratio_poster/public/p1161132422.jpg
天堂电影院,9.1,意大利,爱情,https://movie.douban.com/subject/1291828/,https://img3.doubanio.com/view/photo/s_ratio_poster/public/p1910901025.jpg
卡比利亚之夜,9.0,意大利,爱情,https://movie.douban.com/subject/1294781/,https://img3.doubanio.com/view/photo/s_ratio_poster/public/p922159253.jpg
三傻大闹宝莱坞,9.2,印度,爱情,https://movie.douban.com/subject/3793023/,https://img3.doubanio.com/view/photo/s_ratio_poster/public/p579729551.jpg
娜斯佳和她的父亲们,9.1,俄罗斯,爱情,https://movie.douban.com/subject/4040438/,https://img3.doubanio.com/view/photo/s_ratio_poster/public/p2190397911.jpg
清秀佳人第二部,9.3,加拿大,爱情,https://movie.douban.com/subject/5047697/,https://img3.doubanio.com/view/photo/s_ratio_poster/public/p1968503455.jpg
婚姻生活,9.0,瑞典,爱情,https://movie.douban.com/subject/1292981/,https://img1.doubanio.com/view/photo/s_ratio_poster/public/p2037298187.jpg
茶馆,9.3,中国大陆,历史,https://movie.douban.com/subject/1461403/,https://img3.doubanio.com/view/photo/s_ratio_poster/public/p2262122096.jpg
鬼子来了,9.2,中国大陆,历史,https://movie.douban.com/subject/1291858/,https://img3.doubanio.com/view/photo/s_ratio_poster/public/p1181775734.jpg
红日风暴,9.2,中国大陆,历史,https://movie.douban.com/subject/26698264/,https://img1.doubanio.com/view/photo/s_ratio_poster/public/p2302684698.jpg
活着,9.1,中国大陆,历史,https://movie.douban.com/subject/1292365/,https://img3.doubanio.com/view/photo/s_ratio_poster/public/p2513253791.jpg
十里长街送总理,9.1,中国大陆,历史,https://movie.douban.com/subject/4238879/,https://img1.doubanio.com/view/subject/l/public/s4139119.jpg
末代皇帝,9.0,中国大陆,历史,https://movie.douban.com/subject/1293172/,https://img3.doubanio.com/view/photo/s_ratio_poster/public/p452088641.jpg
百花深处,9.0,中国大陆,历史,https://movie.douban.com/subject/30210248/,https://img3.doubanio.com/view/photo/s_ratio_poster/public/p2527629802.jpg
辛德勒的名单,9.4,美国,历史,https://movie.douban.com/subject/1295124/,https://img3.doubanio.com/view/photo/s_ratio_poster/public/p492406163.jpg
历史频道 - 宇宙系列：大爆炸开始,9.3,美国,历史,https://movie.douban.com/subject/4714475/,https://img3.doubanio.com/view/subject/l/public/s4227350.jpg
曾经的兄弟,9.3,美国,历史,https://movie.douban.com/subject/5342554/,https://img3.doubanio.com/view/subject/l/public/s8982423.jpg
乱世佳人,9.2,美国,历史,https://movie.douban.com/subject/1300267/,https://img3.doubanio.com/view/photo/s_ratio_poster/public/p1963126880.jpg
伍德斯托克音乐节1969,9.2,美国,历史,https://movie.douban.com/subject/1292342/,https://img3.doubanio.com/view/photo/s_ratio_poster/public/p2052525922.jpg
蒙特利流行音乐节,9.1,美国,历史,https://movie.douban.com/subject/1420268/,https://img1.doubanio.com/view/photo/s_ratio_poster/public/p2511334707.jpg
制高点：世界经济之战,9.1,美国,历史,https://movie.douban.com/subject/1775654/,https://img1.doubanio.com/view/photo/s_ratio_poster/public/p1589185229.jpg
激流起来：激流金属的故事,9.1,美国,历史,https://movie.douban.com/subject/3177929/,https://img3.doubanio.com/view/subject/l/public/s3264261.jpg
孟加拉慈善演唱会,9.1,美国,历史,https://movie.douban.com/subject/1479005/,https://img3.doubanio.com/view/photo/s_ratio_poster/public/p2523963992.jpg
纽伦堡的审判,9.0,美国,历史,https://movie.douban.com/subject/1292589/,https://img3.doubanio.com/view/photo/s_ratio_poster/public/p922207281.jpg
特斯拉：闪电的主人,9.0,美国,历史,https://movie.douban.com/subject/3839227/,https://img3.doubanio.com/view/photo/s_ratio_poster/public/p1923930953.jpg
活着,9.1,香港,历史,https://movie.douban.com/subject/1292365/,https://img3.doubanio.com/view/photo/s_ratio_poster/public/p2513253791.jpg
孙立人三部曲,9.1,台湾,历史,https://movie.douban.com/subject/2995929/,https://img3.doubanio.com/view/subject/l/public/s2982884.jpg
无言的山丘,9.0,台湾,历史,https://movie.douban.com/subject/1298944/,https://img3.doubanio.com/view/photo/s_ratio_poster/public/p2522310203.jpg
黄河,9.3,日本,历史,https://movie.douban.com/subject/2156792/,https://img3.doubanio.com/view/subject/l/public/s2614115.jpg
人间的条件(第五、六部),9.1,日本,历史,https://movie.douban.com/subject/1441039/,https://img3.doubanio.com/view/photo/s_ratio_poster/public/p2327866185.jpg
绫濑遥倾听战争 从地图上消失的秘密岛屿,9.0,日本,历史,https://movie.douban.com/subject/27114269/,https://img3.doubanio.com/view/photo/s_ratio_poster/public/p2496412375.jpg
三国志：长江的燃烧,9.0,日本,历史,https://movie.douban.com/subject/4176666/,https://img3.doubanio.com/view/photo/s_ratio_poster/public/p2509584225.jpg
从纳粹手中救出的孩子们,9.6,英国,历史,https://movie.douban.com/subject/26715377/,https://img1.doubanio.com/view/photo/s_ratio_poster/public/p2323957637.jpg
杰拉德自传,9.3,英国,历史,https://movie.douban.com/subject/1900831/,https://img3.doubanio.com/view/subject/l/public/s2578246.jpg
末代皇帝,9.0,英国,历史,https://movie.douban.com/subject/1293172/,https://img3.doubanio.com/view/photo/s_ratio_poster/public/p452088641.jpg
钢琴家,9.0,英国,历史,https://movie.douban.com/subject/1296736/,https://img3.doubanio.com/view/photo/s_ratio_poster/public/p792484461.jpg
苏格兰肖像画,9.0,英国,历史,https://movie.douban.com/subject/19997999/,https://img1.doubanio.com/view/photo/s_ratio_poster/public/p2235055038.jpg
夜与雾,9.2,法国,历史,https://movie.douban.com/subject/1298270/,https://img3.doubanio.com/view/photo/s_ratio_poster/public/p2338915952.jpg
末代皇帝,9.0,法国,历史,https://movie.douban.com/subject/1293172/,https://img3.doubanio.com/view/photo/s_ratio_poster/public/p452088641.jpg
钢琴家,9.0,法国,历史,https://movie.douban.com/subject/1296736/,https://img3.doubanio.com/view/photo/s_ratio_poster/public/p792484461.jpg
钢琴家,9.0,德国,历史,https://movie.douban.com/subject/1296736/,https://img3.doubanio.com/view/photo/s_ratio_poster/public/p792484461.jpg
末代皇帝,9.0,意大利,历史,https://movie.douban.com/subject/1293172/,https://img3.doubanio.com/view/photo/s_ratio_poster/public/p452088641.jpg
土豆工厂,9.4,澳大利亚,历史,https://movie.douban.com/subject/1793083/,https://img3.doubanio.com/view/photo/s_ratio_poster/public/p2233036824.jpg
